Group,Recall,Precision,Accuracy,F1
Bag 1,0.828746177,0.837281153,0.836427496,0.832991803
Bag 2,0.837920489,0.822,0.830908179,0.829883897
Bag 3,0.815494393,0.815494393,0.818364275,0.815494393
Bag 4,0.805300714,0.812757202,0.812844957,0.809011777
Bag 5,0.813455657,0.82780083,0.824887105,0.820565553
Bag 6,0.838939857,0.819721116,0.829904666,0.829219144
Bag 7,0.815494393,0.819672131,0.820873056,0.817577925
Ensemble,0.980632008,0.972699697,0.976919217,0.976649746
